{
    "packet_count": {
        "mean": 7791.5,
        "std": 11541.937981483918
    },
    "avg_packet_size": {
        "mean": 661.9245,
        "std": 309.2037238060472
    },
    "dns_count": {
        "mean": 124.35,
        "std": 256.3470663398601
    }
}